Company,Parent,F100,F500,Ticker,Rank,,"Evaluating ""Ticker"" Column",,Fortune Ranking,Company,Ticker Symbol,Ticker_Raw,,91
Sam's Club,Walmart,TRUE,TRUE,WMT,1,,"Only worry about ""Not Found"" values -- This label means that neither the company name (""Company"" column) nor it's parent (""Parent"") were found in the cik_lookup sheet. Add or modify the company name (or it's parent if it is a subsidiary) to the cik_lookup table and google for it's ticker. CHECK FOR A DIFFERENT SPELLING OF THE COMPANY NAME BEFORE ADDING A NEW ROW TO THE TABLE

No need to add any other information to that cik_lookup table",,77,AbbVie,(NYSE:ABBV),ABBV,,
Walmart,Walmart,TRUE,TRUE,WMT,1,,,,53,Albertsons,(NYSE:ACI),ACI,,
Amazon,Amazon,TRUE,TRUE,AMZN,2,,,,73,Allstate,(NYSE:ALL),ALL,,
Amazon Web Services (AWS),Amazon,TRUE,TRUE,AMZN,2,,,,8,Alphabet,(NASDAQ:GOOGL),GOOGL,,
Shopbop,Amazon,TRUE,TRUE,AMZN,2,,,,2,Amazon,(NASDAQ:AMZN),AMZN,,
Whole Foods,Amazon,TRUE,TRUE,AMZN,2,,,,86,American Airlines Group,(NASDAQ:AAL),AAL,,
UnitedHealth Group,UnitedHealth Group,TRUE,TRUE,UNH,3,,,,58,American Express,(NYSE:AXP),AXP,,
Apple,Apple,TRUE,TRUE,AAPL,4,,,,94,American International Group,(NYSE:AIG),AIG,,
CVS,CVS Health,TRUE,TRUE,CVS,5,,,,3,Apple,(NASDAQ:AAPL),AAPL,,
Berkshire Hathaway,Berkshire Hathaway,TRUE,TRUE,BRK.A,6,,"Evaluating ""Rank"" Column",,43,ADM,(NYSE:ADM),ADM,,
BNSF,Berkshire Hathaway,TRUE,TRUE,BRK.A,6,,"Only worry about ""Not Found"" values for F100 companies -- This label means that neither the company name (""Company"" column) nor it's parent (""Parent"") were found in the 2025 F500 sheet. Modify the company name in the 2025 F500 sheet (or it's parent if it is a subsidiary)

No need to add any other information to that 2025 F500 table",,32,AT&T,(NYSE:T),T,,
Geico,Berkshire Hathaway,TRUE,TRUE,BRK.A,6,,,,18,Bank of America,(NYSE:BAC),BAC,,
Jazwares,Berkshire Hathaway,TRUE,TRUE,BRK.A,6,,,,5,Berkshire Hathaway,(NYSE:BRK.A),BRK.A,,
Pilot Flying J,Berkshire Hathaway,TRUE,TRUE,BRK.A,6,,,,100,Best Buy,(NYSE:BBY),BBY,,
Google,Alphabet,TRUE,TRUE,GOOGL,7,,,,52,Boeing,(NYSE:BA),BA,,
Youtube,Alphabet,TRUE,TRUE,GOOGL,7,,,,98,Bristol-Myers Squibb,(NYSE:BMY),BMY,,
ExxonMobil,Exxon Mobil,TRUE,TRUE,XOM,8,,,,91,Capital One,(NYSE:COF),COF,,
Pioneer Natural Resources,Exxon Mobil,TRUE,TRUE,XOM,8,,,,14,Cardinal Health,(NYSE:CAH),CAH,,
McKesson,McKesson,TRUE,TRUE,MCK,9,,,,59,Caterpillar,(NYSE:CAT),CAT,,
Cencora,Cencora,TRUE,TRUE,COR,10,,,,10,Cencora,(NYSE:COR),COR,,
First Republic Bank,JPMorgan Chase,TRUE,TRUE,JPM,11,,,,22,Centene,(NYSE:CNC),CNC,,
JPMorgan Chase,JPMorgan Chase,TRUE,TRUE,JPM,11,,,,76,Charter Communications,(NASDAQ:CHTR),CHTR,,
Costco,Costco,TRUE,TRUE,COST,12,,,,15,Chevron,(NYSE:CVX),CVX,,
Cigna/Express Scripts,Cigna,TRUE,TRUE,CI,13,,,,97,CHS,(NYSE:CHS),CHS,,
Microsoft,Microsoft,TRUE,TRUE,MSFT,14,,,,16,Cigna,(NYSE:CI),CI,,
Xbox,Microsoft,TRUE,TRUE,MSFT,14,,,,74,Cisco Systems,(NASDAQ:CSCO),CSCO,,
Cardinal Health,Cardinal Health,TRUE,TRUE,CAH,15,,,,21,Citi,(NYSE:C),C,,
Chevron,Chevron,TRUE,TRUE,CVX,16,,,,95,Coca-Cola,(NYSE:KO),KO,,
Bank of America,Bank of America,TRUE,TRUE,BAC,17,,,,33,Comcast,(NYSE:CMSCA),CMSCA,,
Merrill Lynch,Bank of America,TRUE,TRUE,BAC,17,,,,68,ConocoPhillips,(NYSE:COP),COP,,
General Motors,General Motors,TRUE,TRUE,GM,18,,,,11,Costco,(NASDAQ:COST),COST,,
Ford,Ford Motor,TRUE,TRUE,F,19,,,,6,CVS Health,(NYSE:CVS),CVS,,
Elevance Health,Elevance Health,TRUE,TRUE,ELV,20,,,,64,Deere,(NYSE:DE),DE,,
Citigroup,Citi,TRUE,TRUE,C,21,,,,48,Dell Technologies,(NYSE:DELL),DELL,,
Meta,Meta Platforms,TRUE,TRUE,META,22,,,,70,Delta Air Lines,(NYSE:DAL),DAL,,
Centene,Centene,TRUE,TRUE,CNC,23,,,,99,Dow,(NYSE:DOW),DOW,,
Home Depot,Home Depot,TRUE,TRUE,HD,24,,,,20,Elevance Health,(NYSE:ELV),ELV,,
Common Securitization,Fannie Mae,TRUE,TRUE,FNMA,25,,,,51,Energy Transfer,(NYSE:ET),ET,,
Fannie Mae,Fannie Mae,TRUE,TRUE,FNMA,25,,,,90,Enterprise Products Partners,(NYSE:EPD),EPD,,
U.S. Financial Technology,Fannie Mae,TRUE,TRUE,FNMA,25,,,,7,Exxon Mobil,(NYSE:XOM),XOM,,
Walgreens,Walgreens Boots Alliance,TRUE,TRUE,WBA,26,,,,27,Fannie Mae,Private,#VALUE!,,
Kroger,Kroger,TRUE,TRUE,KR,27,,,,46,FedEx,(NYSE:FDX),FDX,,
Phillips 66,Phillips 66,TRUE,TRUE,PSX,28,,,,17,Ford Motor,(NYSE:F),F,,
Marathon Petroleum,Marathon Petroleum,TRUE,TRUE,MPC,29,,,,36,Freddie Mac,Private,#VALUE!,,
Verizon,Verizon Communications,TRUE,TRUE,VZ,30,,,,56,General Electric,(NYSE:GE),GE,,
Nvidia,Nvidia,TRUE,TRUE,NVDA,31,,,,19,General Motors,(NYSE:GM),GM,,
Goldman Sachs,Goldman Sachs,TRUE,TRUE,GS,32,,,,35,Goldman Sachs,(NYSE:GS),GS,,
Wells Fargo,Wells Fargo,TRUE,TRUE,WFC,33,,,,61,HCA Healthcare,(NYSE:HCA),HCA,,
Valero Energy,Valero Energy,TRUE,TRUE,VLO,34,,,,23,Home Depot,(NYSE:HD),HD,,
Comcast,Comcast,TRUE,TRUE,CMSCA,35,,,,82,HP,(NYSE:HP),HP,,
NBC Universal,Comcast,TRUE,TRUE,CMSCA,35,,,,38,Humana,(NYSE:HUM),HUM,,
State Farm,State Farm Insurance,TRUE,TRUE,,36,,,,79,Intel,(NASDAQ:INTC),INTC,,
AT&T,AT&T,TRUE,TRUE,T,37,,,,63,IBM,(NYSE:IBM),IBM,,
Freddie Mac,Freddie Mac,TRUE,TRUE,FMCC,38,,,,42,Johnson & Johnson,(NYSE:JNJ),JNJ,,
Humana,Humana,TRUE,TRUE,HUM,39,,,,12,JPMorgan Chase,(NYSE:JPM),JPM,,
Morgan Stanley,Morgan Stanley,TRUE,TRUE,MS,40,,,,25,Kroger,(NYSE:KR),KR,,
Target,Target,TRUE,TRUE,TGT,41,,,,87,Liberty Mutual Insurance Group,Private,#VALUE!,,
StoneX,StoneX Group,TRUE,TRUE,SNEX,42,,,,57,Lockheed Martin,(NYSE:LMT),LMT,,
Tesla,Tesla,TRUE,TRUE,TSLA,43,,,,49,Lowe's,(NYSE:LOW),LOW,,
Dell,Dell Technologies,TRUE,TRUE,DELL,44,,,,24,Marathon Petroleum,(NYSE:MPC),MPC,,
Pepsi,PepsiCo,TRUE,TRUE,PEP,45,,,,9,McKesson,(NYSE:MCK),MCK,,
Disney,Walt Disney,TRUE,TRUE,DIS,46,,,,67,Merck,(NYSE:MRK),MRK,,
UPS,UPS,TRUE,TRUE,UPS,47,,,,30,Meta Platforms,(NASDAQ:META),META,,
Johnson & Johnson/Janssen,Johnson & Johnson,TRUE,TRUE,JNJ,48,,,,60,MetLife,(NYSE:MET),MET,,
FedEx,FedEx,TRUE,TRUE,FDX,49,,,,13,Microsoft,(NASDAQ:MSFT),MSFT,,
Archer Daniels Midland,ADM,TRUE,TRUE,ADM,50,,,,41,Morgan Stanley,(NYSE:MS),MS,,
Bounce,Procter & Gamble,TRUE,TRUE,PG,51,,,,75,Nationwide,Private,#VALUE!,,
Bounty,Procter & Gamble,TRUE,TRUE,PG,51,,,,78,New York Life Insurance,Private,#VALUE!,,
Crest,Procter & Gamble,TRUE,TRUE,PG,51,,,,88,Nike,(NYSE:NKE),NKE,,
Downy,Procter & Gamble,TRUE,TRUE,PG,51,,,,65,Nvidia,(NASDAQ:NVDA),NVDA,,
Febreze,Procter & Gamble,TRUE,TRUE,PG,51,,,,89,Oracle,(NASDAQ:ORCL),ORCL,,
Gain,Procter & Gamble,TRUE,TRUE,PG,51,,,,44,PepsiCo,(NYSE:PEP),PEP,,
Gillette,Procter & Gamble,TRUE,TRUE,PG,51,,,,84,Performance Food,(NYSE:PFGC),PFGC,,
Olay,Procter & Gamble,TRUE,TRUE,PG,51,,,,69,Pfizer,(NYSE:PFE),PFE,,
Old Spice,Procter & Gamble,TRUE,TRUE,PG,51,,,,26,Phillips 66,(NYSE:PSX),PSX,,
P&G,Procter & Gamble,TRUE,TRUE,PG,51,,,,92,Plains All American Pipeline,(NYSE:PAGP),PAGP,,
Pampers,Procter & Gamble,TRUE,TRUE,PG,51,,,,50,Procter & Gamble,(NYSE:PG),PG,,
Pantene,Procter & Gamble,TRUE,TRUE,PG,51,,,,62,Progressive,(NYSE:PGR),PGR,,
Procter & Gamble,Procter & Gamble,TRUE,TRUE,PG,51,,,,81,Prudential Financial,(NYSE:PRU),PRU,,
Secret,Procter & Gamble,TRUE,TRUE,PG,51,,,,72,Publix Super Markets,Private,#VALUE!,,
Tampax,Procter & Gamble,TRUE,TRUE,PG,51,,,,55,RTX,(NYSE:RTX),RTX,,
Tide,Procter & Gamble,TRUE,TRUE,PG,51,,,,39,State Farm Insurance,Private,#VALUE!,,
Vick's,Procter & Gamble,TRUE,TRUE,PG,51,,,,66,StoneX Group,(NASDAQ:SNEX),SNEX,,
Lowe's,Lowe's,TRUE,TRUE,LOW,52,,,,54,Sysco,(NYSE:SYY),SYY,,
Energy Transfer,Energy Transfer,TRUE,TRUE,ET,53,,,,37,Target,(NYSE:TGT),TGT,,
Raytheon,RTX,TRUE,TRUE,RTX,54,,,,71,TD Synnex,(NYSE:SNX),SNX,,
RTX,RTX,TRUE,TRUE,RTX,54,,,,40,Tesla,(NASDAQ:TSLA),TSLA,,
Albertsons,Albertsons,TRUE,TRUE,ACI,55,,,,96,TIAA,Private,#VALUE!,,
Sysco,Sysco,TRUE,TRUE,SYY,56,,,,80,TJX,(NYSE:TJX),TJX,,
Progressive Insurance,Progressive,,,PGR,57,,,,85,Tyson Foods,(NYSE:TSN),TSN,,
American Express,American Express,TRUE,TRUE,AXP,58,,,,83,United Airlines Holdings,(NASDAQ:UAL),UAL,,
Lockheed Martin,Lockheed Martin,TRUE,TRUE,LMT,59,,,,45,UPS,(NYSE:UPS),UPS,,
MetLife,MetLife,TRUE,TRUE,MET,60,,,,4,UnitedHealth Group,(NYSE:UNH),UNH,,
HCA Healthcare,HCA Healthcare,TRUE,TRUE,HCA,61,,,,29,Valero Energy,(NYSE:VLO),VLO,,
Prudential Financial,Prudential Financial,TRUE,TRUE,PRU,62,,,,31,Verizon Communications,(NYSE:VZ),VZ,,
Boeing,Boeing,TRUE,TRUE,BA,63,,,,28,Walgreens Boots Alliance,(NASDAQ:WBA),WBA,,
Caterpillar,Caterpillar,TRUE,TRUE,CAT,64,,,,1,Walmart,(NYSE:WMT),WMT,,
Merck,Merck,TRUE,TRUE,MRK,65,,,,47,Walt Disney,(NYSE:DIS),DIS,,
AllState,Allstate,TRUE,TRUE,ALL,66,,,,34,Wells Fargo,(NYSE:WFC),WFC,,
Pfizer,Pfizer,TRUE,TRUE,PFE,67,,,,93,World Kinect,(NYSE:WKC),WKC,,
IBM,IBM,TRUE,TRUE,IBM,68,,,,88,Broadcom,(NASDAQ: AVGO), AVGO,,
Red Hat,IBM,TRUE,TRUE,IBM,68,,,,95,Ingram Micro,(NYSE:INGM),INGM,,
New York Life,New York Life Insurance,TRUE,TRUE,,69,,,,93,USAA,Private,#VALUE!,,
Delta Airlines,Delta Air Lines,TRUE,TRUE,DAL,70,,,,96,General Dynamics,(NYSE: GD), GD,,
Publix,Publix Super Markets,TRUE,TRUE,,71,,,,99,Travelers,NYSE: TRV, TRV,,
Nationwide Insurance,Nationwide,TRUE,TRUE,,72,,,,100,Eli Lilly,NYSE: LLY, LLY,,
TD Synnex,TD Synnex,TRUE,TRUE,SNX,73,,,,,,,,,
United Airlines,United Airlines Holdings,TRUE,TRUE,UAL,74,,,,,,,,,
ConocoPhillips,ConocoPhillips,TRUE,TRUE,COP,75,,,,,,,,,
AbbVie,AbbVie,TRUE,TRUE,ABBV,77,,,,,,,,,
ImmunoGen,AbbVie,TRUE,TRUE,ABBV,77,,,,,,,,,
Enterprise Products Partners,Enterprise Products Partners,TRUE,TRUE,EPD,78,,,,,,,,,
Charter Communications/Spectrum,Charter Communications,TRUE,TRUE,CHTR,79,,,,,,,,,
Performance Foods,Performance Food,TRUE,TRUE,PFGC,80,,,,,,,,,
American Airlines,American Airlines Group,TRUE,TRUE,AAL,81,,,,,,,,,
Capital One,Capital One,TRUE,TRUE,COF,82,,,,,,,,,
Cisco,Cisco Systems,TRUE,TRUE,CSCO,83,,,,,,,,,
Hewlett-Packard (HP),HP,TRUE,TRUE,HP,84,,,,,,,,,
Tyson Foods,Tyson Foods,TRUE,TRUE,TSN,85,,,,,,,,,
Intel,Intel,TRUE,TRUE,INTC,86,,,,,,,,,
Oracle,Oracle,TRUE,TRUE,ORCL,87,,,,,,,,,
Broadcom,Broadcom,TRUE,TRUE, AVGO,88,,,,,,,,,
John Deere,Deere,TRUE,TRUE,DE,89,,,,,,,,,
Nike,Nike,TRUE,TRUE,NKE,90,,,,,,,,,
Liberty Mutual,Liberty Mutual Insurance,TRUE,TRUE,,91,,,,,,,,,
Plains GP,Plains All American Pipeline,TRUE,TRUE,PAGP,92,,,,,,,,,
USAA,USAA,TRUE,TRUE,,93,,,,,,,,,
Ingram Micro,Ingram Micro,TRUE,TRUE,INGM,95,,,,,,,,,
General Dynamics,General Dynamics,TRUE,TRUE, GD,96,,,,,,,,,
Coca-Cola,Coca-Cola,TRUE,TRUE,KO,97,,,,,,,,,
TIAA,TIAA,TRUE,TRUE,,98,,,,,,,,,
Travelers,Travelers,TRUE,TRUE, TRV,99,,,,,,,,,
Eli Lilly,Eli Lilly,TRUE,TRUE, LLY,100,,,,,,,,,
Uber,Uber Technologies,FALSE,TRUE,,101,,,,,,,,,
Thermo Fisher Scientific,Thermo Fisher Scientific,FALSE,TRUE,,104,,,,,,,,,
US Bank,U.S. Bancorp,FALSE,TRUE,,105,,,,,,,,,
Abbott,Abbott Laboratories,FALSE,TRUE,,107,,,,,,,,,
Best Buy,Best Buy,FALSE,TRUE,BBY,108,,,,,,,,,
Northwestern Mutual,Northwestern Mutual,FALSE,TRUE,,109,,,,,,,,,
Northrop Grumman,Northrop Grumman,FALSE,TRUE,,110,,,,,,,,,
Molina Healthcare,Molina Healthcare,FALSE,TRUE,,111,,,,,,,,,
Warner Bros Discovery,Warner Bros. Discovery,FALSE,TRUE,,114,,,,,,,,,
Netflix,Netflix,FALSE,TRUE,,116,,,,,,,,,
Qualcomm,Qualcomm,FALSE,TRUE,,117,,,,,,,,,
General Electric,GE Aerospace,FALSE,TRUE,,118,,,,,,,,,
Honeywell,Honeywell,FALSE,TRUE,,119,,,,,,,,,
Salesforce,Salesforce,FALSE,TRUE,,120,,,,,,,,,
Slack,Salesforce,FALSE,TRUE,,120,,,,,,,,,
Starbucks,Starbucks,FALSE,TRUE,,126,,,,,,,,,
Visa,Visa,FALSE,TRUE,,127,,,,,,,,,
CBRE,CBRE Group,FALSE,TRUE,,128,,,,,,,,,
PNC,PNC Financial Services,FALSE,TRUE,,131,,,,,,,,,
Amgen,Amgen,FALSE,TRUE,,134,,,,,,,,,
PayPal,PayPal,FALSE,TRUE,,137,,,,,,,,,
Farfetch,Coupang,FALSE,TRUE,,142,,,,,,,,,
CyrusOne,KKR,FALSE,TRUE,,145,,,,,,,,,
Paramount,Paramount Global,FALSE,TRUE,,147,,,,,,,,,
Gilead,Gilead Sciences,FALSE,TRUE,,149,,,,,,,,,
MasterCard,Mastercard,FALSE,TRUE,,152,,,,,,,,,
Southwest Airlines,Southwest Airlines,FALSE,TRUE,,156,,,,,,,,,
Applied Materials,Applied Materials,FALSE,TRUE,,158,,,,,,,,,
Oxy,Occidental Petroleum,FALSE,TRUE,,159,,,,,,,,,
Apollo Asset Management,Apollo Global Management,FALSE,TRUE,,163,,,,,,,,,
Charles Schwab,Charles Schwab,FALSE,TRUE,,164,,,,,,,,,
Schwab,Charles Schwab,FALSE,TRUE,,164,,,,,,,,,
McDonald's,McDonald's,FALSE,TRUE,,165,,,,,,,,,
Kraft Heinz,Kraft Heinz,FALSE,TRUE,,166,,,,,,,,,
Truist,Truist Financial,FALSE,TRUE,,168,,,,,,,,,
Phelps Dodge Corp.,Freeport-McMoRan,FALSE,TRUE,,169,,,,,,,,,
Micron,Micron Technology,FALSE,TRUE,,170,,,,,,,,,
NextEra,NextEra Energy,FALSE,TRUE,,173,,,,,,,,,
3M,3M,FALSE,TRUE,,174,,,,,,,,,
Marsh & McLennan,Marsh & McLennan,FALSE,TRUE,,175,,,,,,,,,
Union Pacific,Union Pacific,FALSE,TRUE,,177,,,,,,,,,
Synchrony,Synchrony Financial,FALSE,TRUE,,178,,,,,,,,,
Block,Block,FALSE,TRUE,,179,,,,,,,,,
Cytiva,Danaher,FALSE,TRUE,,180,,,,,,,,,
Danaher,Danaher,FALSE,TRUE,,180,,,,,,,,,
EOG Resources,EOG Resources,FALSE,TRUE,,183,,,,,,,,,
JLL,Jones Lang LaSalle,FALSE,TRUE,,188,,,,,,,,,
Bloomingdale's,Macy's,FALSE,TRUE,,193,,,,,,,,,
Macy's,Macy's,FALSE,TRUE,,193,,,,,,,,,
Stryker,Stryker,FALSE,TRUE,,195,,,,,,,,,
State Street,State Street Corp.,FALSE,TRUE,,198,,,,,,,,,
Adobe,Adobe,FALSE,TRUE,,201,,,,,,,,,
American Family Insurance,American Family Insurance,FALSE,TRUE,,202,,,,,,,,,
Ross,Ross Stores,FALSE,TRUE,,204,,,,,,,,,
Altria,Altria,FALSE,TRUE,,209,,,,,,,,,
BlackRock,BlackRock,FALSE,TRUE,,210,,,,,,,,,
Becton Dickinson,Becton Dickinson,FALSE,TRUE,,211,,,,,,,,,
Kimberly-Clark Corporation,Kimberly-Clark,FALSE,TRUE,,213,,,,,,,,,
General Mills,General Mills,FALSE,TRUE,,216,,,,,,,,,
Aflac,Aflac,FALSE,TRUE,,222,,,,,,,,,
Lincoln Financial Group,Lincoln National,FALSE,TRUE,,228,,,,,,,,,
Ameriprise,Ameriprise Financial,FALSE,TRUE,,230,,,,,,,,,
Murphy USA,Murphy USA,FALSE,TRUE,,231,,,,,,,,,
Grainger,W.W. Grainger,FALSE,TRUE,,243,,,,,,,,,
Corteva,Corteva,FALSE,TRUE,,246,,,,,,,,,
Boston Scientific,Boston Scientific,FALSE,TRUE,,248,,,,,,,,,
Guardian Life Insurance,Guardian Life,FALSE,TRUE,,253,,,,,,,,,
Ally Financial,Ally Financial,FALSE,TRUE,,255,,,,,,,,,
Intuit,Intuit,FALSE,TRUE,,258,,,,,,,,,
Edward Jones,Jones Financial Companies,FALSE,TRUE,,260,,,,,,,,,
Kohls,Kohl's,FALSE,TRUE,,261,,,,,,,,,
Principal Financial Group,Principal Financial,FALSE,TRUE,,263,,,,,,,,,
Illinois Tool Works Inc. (ITW),Illinois Tool Works,FALSE,TRUE,,268,,,,,,,,,
Pacific Life Insurance,Pacific Life,FALSE,TRUE,,272,,,,,,,,,
Dish,EchoStar,FALSE,TRUE,,273,,,,,,,,,
EchoStar,EchoStar,FALSE,TRUE,,273,,,,,,,,,
Kenvue,Kenvue,FALSE,TRUE,,281,,,,,,,,,
KDP (keurig dr pepper),Keurig Dr Pepper,FALSE,TRUE,,284,,,,,,,,,
Baxter International,Baxter International,FALSE,TRUE,,288,,,,,,,,,
Hill Rom,Baxter International,FALSE,TRUE,,288,,,,,,,,,
Gap,Gap Inc.,FALSE,TRUE,,290,,,,,,,,,
11 Honore,Nordstrom,FALSE,TRUE,,291,,,,,,,,,
Nordstrom,Nordstrom,FALSE,TRUE,,291,,,,,,,,,
Supermicro,Super Micro Computer,FALSE,TRUE,,292,,,,,,,,,
First Citizens Bank,First Citizens BancShares,FALSE,TRUE,,293,,,,,,,,,
Silicon Valley Bank,First Citizens BancShares,FALSE,TRUE,,293,,,,,,,,,
Raymond James,Raymond James Financial,FALSE,TRUE,,294,,,,,,,,,
CSX,CSX,FALSE,TRUE,,301,,,,,,,,,
S&P Global,S&P Global,FALSE,TRUE,,305,,,,,,,,,
Regeneron Pharmaceuticals,Regeneron Pharmaceuticals,FALSE,TRUE,,306,,,,,,,,,
Fox,Fox Corporation,FALSE,TRUE,,308,,,,,,,,,
Expedia,Expedia Group,FALSE,TRUE,,312,,,,,,,,,
M&T Bank,M&T Bank,FALSE,TRUE,,317,,,,,,,,,
Dick’s Sporting Goods,Dick's Sporting Goods,FALSE,TRUE,,318,,,,,,,,,
Xcel Energy,Xcel Energy,FALSE,TRUE,,319,,,,,,,,,
Fifth Third Bank,Fifth Third Bancorp,FALSE,TRUE,,320,,,,,,,,,
Blackstone,Blackstone,FALSE,TRUE,,321,,,,,,,,,
QTS,Blackstone,FALSE,TRUE,,321,,,,,,,,,
Corning,Corning,FALSE,TRUE,,324,,,,,,,,,
Kellanova,Kellanova,FALSE,TRUE,,332,,,,,,,,,
Kellogg's,Kellanova,FALSE,TRUE,,332,,,,,,,,,
JB Hunt,J.B. Hunt Transport Services,FALSE,TRUE,,348,,,,,,,,,
ConAgra Foods,Conagra Brands,FALSE,TRUE,,350,,,,,,,,,
Huntington Bank,Huntington Bancshares,FALSE,TRUE,,351,,,,,,,,,
Hormel,Hormel Foods,FALSE,TRUE,,352,,,,,,,,,
Wayfair,Wayfair,FALSE,TRUE,,358,,,,,,,,,
Molson Coors,Molson Coors Beverage,FALSE,TRUE,,366,,,,,,,,,
Chipotle,Chipotle Mexican Grill,FALSE,TRUE,,372,,,,,,,,,
Ulta,Ulta Beauty,FALSE,TRUE,,375,,,,,,,,,
Caesar's,Caesars Entertainment,FALSE,TRUE,,376,,,,,,,,,
Airbnb,Airbnb,FALSE,TRUE,,382,,,,,,,,,
Diamondback Energy,Diamondback Energy,FALSE,TRUE,,383,,,,,,,,,
Coresite,American Tower,FALSE,TRUE,,384,,,,,,,,,
Vertex,Vertex Pharmaceuticals,FALSE,TRUE,,385,,,,,,,,,
ServiceNow,ServiceNow,FALSE,TRUE,,386,,,,,,,,,
DoorDash,DoorDash,FALSE,TRUE,,394,,,,,,,,,
Booz Allen Hamilton,Booz Allen Hamilton,FALSE,TRUE,,398,,,,,,,,,
Burlington Stores,Burlington Stores,FALSE,TRUE,,399,,,,,,,,,
Lululemon,Lululemon Athletica,FALSE,TRUE,,401,,,,,,,,,
Ebay,eBay,FALSE,TRUE,,411,,,,,,,,,
Global Payments,Global Payments,FALSE,TRUE,,413,,,,,,,,,
Constellation Brands,Constellation Brands,FALSE,TRUE,,418,,,,,,,,,
Quest Diagnostics,Quest Diagnostics,FALSE,TRUE,,419,,,,,,,,,
KLA,KLA Corporation,FALSE,TRUE,,420,,,,,,,,,
Biogen,Biogen,FALSE,TRUE,,424,,,,,,,,,
Analog Devices,Analog Devices,FALSE,TRUE,,430,,,,,,,,,
Regions Bank,Regions Financial,FALSE,TRUE,,433,,,,,,,,,
Zoetis,Zoetis,FALSE,TRUE,,435,,,,,,,,,
KeyCorp,KeyCorp,FALSE,TRUE,,436,,,,,,,,,
Oscar Health,Oscar Health,FALSE,TRUE,,437,,,,,,,,,
Equinix,Equinix,FALSE,TRUE,,446,,,,,,,,,
PVH,PVH Corp.,FALSE,TRUE,,449,,,,,,,,,
Franklin Templeton,Franklin Resources,FALSE,TRUE,,453,,,,,,,,,
Workday,Workday,FALSE,TRUE,,455,,,,,,,,,
Intuitive Surgical,Intuitive Surgical,FALSE,TRUE,,459,,,,,,,,,
J.M Smucker Company,J.M. Smucker,FALSE,TRUE,,466,,,,,,,,,
Palo Alto Networks,Palo Alto Networks,FALSE,TRUE,,470,,,,,,,,,
Post Holdings,Post Holdings,FALSE,TRUE,,477,,,,,,,,,
Williams-Sonoma,Williams-Sonoma,FALSE,TRUE,,482,,,,,,,,,
Microchip Technology Incorporated,Microchip Technology,FALSE,TRUE,,485,,,,,,,,,
Newell Brands,Newell Brands,FALSE,TRUE,,487,,,,,,,,,
Electronic Arts,Electronic Arts,FALSE,TRUE,,490,,,,,,,,,
A24,A24,FALSE,FALSE,,Not Found,,,,,,,,,
AAA,AAA,FALSE,FALSE,,Not Found,,,,,,,,,
AARP,AARP,FALSE,FALSE,,Not Found,,,,,,,,,
Ab InBev,Ab InBev,FALSE,FALSE,,Not Found,,,,,,,,,
Anheuser-Busch,AB InBev,FALSE,FALSE,,Not Found,,,,,,,,,
Bud Light,AB InBev,FALSE,FALSE,,Not Found,,,,,,,,,
Acadia Pharmaceuticals,Acadia Pharmaceuticals,FALSE,FALSE,,Not Found,,,,,,,,,
Accenture,Accenture,FALSE,FALSE,,Not Found,,,,,,,,,
Acer,Acer,FALSE,FALSE,,Not Found,,,,,,,,,
Adidas,Adidas,FALSE,FALSE,,Not Found,,,,,,,,,
ADP,ADP,FALSE,FALSE,,Not Found,,,,,,,,,
Advanced Data Systems,Advanced Data Systems,FALSE,FALSE,,Not Found,,,,,,,,,
Aegon,Aegon,FALSE,FALSE,,Not Found,,,,,,,,,
Affirm,Affirm,FALSE,FALSE,,Not Found,,,,,,,,,
Agilent,Agilent Technologies,FALSE,FALSE,,Not Found,,,,,,,,,
Ahold Delhaize,Ahold Delhaize,FALSE,FALSE,,Not Found,,,,,,,,,
Food Lion,Ahold Delhaize,FALSE,FALSE,,Not Found,,,,,,,,,
AIG,AIG,FALSE,FALSE,,Not Found,,,,,,,,,
Alaska Airlines,Alaska Air Group,FALSE,FALSE,,Not Found,,,,,,,,,
Aldi,Aldi,FALSE,FALSE,,Not Found,,,,,,,,,
Trader Joe's,Aldi Nord,FALSE,FALSE,,Not Found,,,,,,,,,
Circle K,Alimentation Couche-Tard,FALSE,FALSE,,Not Found,,,,,,,,,
Alkermes,Alkermes,FALSE,FALSE,,Not Found,,,,,,,,,
Allianz,Allianz,FALSE,FALSE,,Not Found,,,,,,,,,
Alnylam,Alnylam,FALSE,FALSE,,Not Found,,,,,,,,,
Alphaeon,Alphaeon,FALSE,FALSE,,Not Found,,,,,,,,,
AMC Networks,AMC Networks,FALSE,FALSE,,Not Found,,,,,,,,,
Advanced Micro Devices (AMD),AMD,FALSE,FALSE,,Not Found,,,,,,,,,
American Diabetes Association,American Diabetes Association,FALSE,FALSE,,Not Found,,,,,,,,,
American Eagle,American Eagle Outfitters,FALSE,FALSE,,Not Found,,,,,,,,,
American Heart Association,American Heart Association,FALSE,FALSE,,Not Found,,,,,,,,,
American Signature Inc.,American Signature Inc.,FALSE,FALSE,,Not Found,,,,,,,,,
AMG National Trust,AMG National Trust,FALSE,FALSE,,Not Found,,,,,,,,,
Andreessen Horowitz,Andreessen Horowitz,FALSE,FALSE,,Not Found,,,,,,,,,
Anthropic,Anthropic,FALSE,FALSE,,Not Found,,,,,,,,,
Realogy Holdings,Anywhere Real Estate,FALSE,FALSE,,Not Found,,,,,,,,,
Arnold Ventures,Arnold Ventures,FALSE,FALSE,,Not Found,,,,,,,,,
Ascension,Ascension,FALSE,FALSE,,Not Found,,,,,,,,,
Ashley Furniture,Ashley Furniture,FALSE,FALSE,,Not Found,,,,,,,,,
ASM International,ASM International,FALSE,FALSE,,Not Found,,,,,,,,,
ASML Holding,ASML Holding,FALSE,FALSE,,Not Found,,,,,,,,,
ASOS,ASOS,FALSE,FALSE,,Not Found,,,,,,,,,
Associated Banc-Corp,Associated Banc-Corp,FALSE,FALSE,,Not Found,,,,,,,,,
Astellas,Astellas,FALSE,FALSE,,Not Found,,,,,,,,,
AstraZeneca,AstraZeneca,FALSE,FALSE,,Not Found,,,,,,,,,
Asus,Asus,FALSE,FALSE,,Not Found,,,,,,,,,
Atlassian,Atlassian,FALSE,FALSE,,Not Found,,,,,,,,,
Avaya,Avaya,FALSE,FALSE,,Not Found,,,,,,,,,
PetIQ,Bansk Group,FALSE,FALSE,,Not Found,,,,,,,,,
Barclays,Barclays,FALSE,FALSE,,Not Found,,,,,,,,,
Barry Callebaut,Barry Callebaut,FALSE,FALSE,,Not Found,,,,,,,,,
BASF,BASF,FALSE,FALSE,,Not Found,,,,,,,,,
Bath & Body Works,Bath & Body Works,FALSE,FALSE,,Not Found,,,,,,,,,
Bayer,Bayer,FALSE,FALSE,,Not Found,,,,,,,,,
Counter,Beautycounter,FALSE,FALSE,,Not Found,,,,,,,,,
Beiersdorf,Beiersdorf,FALSE,FALSE,,Not Found,,,,,,,,,
BeOne,Beigene,FALSE,FALSE,,Not Found,,,,,,,,,
Berkadia,Berkshire Hathaway / Jefferies,FALSE,FALSE,,Not Found,,,,,,,,,
Better Mortgages,Better Home & Finance,FALSE,FALSE,,Not Found,,,,,,,,,
Biomarin,Biomarin,FALSE,FALSE,,Not Found,,,,,,,,,
BioNTech,BioNTech,FALSE,FALSE,,Not Found,,,,,,,,,
BIO,Biotechnology Innovation Organization,FALSE,FALSE,,Not Found,,,,,,,,,
Bloomberg,Bloomberg L.P.,FALSE,FALSE,,Not Found,,,,,,,,,
BMS,BMS,FALSE,FALSE,,Not Found,,,,,,,,,
BNP Paribas,BNP Paribas,FALSE,FALSE,,Not Found,,,,,,,,,
BNY Mellon,BNY Mellon,FALSE,FALSE,,Not Found,,,,,,,,,
Pershing,BNY Mellon,FALSE,FALSE,,Not Found,,,,,,,,,
BI,Boehringer Ingelheim,FALSE,FALSE,,Not Found,,,,,,,,,
Boehringer Ingelheim,Boehringer Ingelheim,FALSE,FALSE,,Not Found,,,,,,,,,
Booking Holdings,Booking Holdings,FALSE,FALSE,,Not Found,,,,,,,,,
Bosch,Bosch,FALSE,FALSE,,Not Found,,,,,,,,,
Boston Beer Company,Boston Beer Company,FALSE,FALSE,,Not Found,,,,,,,,,
BP,BP,FALSE,FALSE,,Not Found,,,,,,,,,
Bread Financial Holdings,Bread Financial,FALSE,FALSE,,Not Found,,,,,,,,,
Brex,Brex,FALSE,FALSE,,Not Found,,,,,,,,,
Karuna Therapeutics,Bristol Myers Squibb,FALSE,FALSE,,Not Found,,,,,,,,,
British American Tobacco,British American Tobacco,FALSE,FALSE,,Not Found,,,,,,,,,
Reynolds American,British American Tobacco,FALSE,FALSE,,Not Found,,,,,,,,,
Brother,Brother Industries,FALSE,FALSE,,Not Found,,,,,,,,,
TikTok,ByteDance,FALSE,FALSE,,Not Found,,,,,,,,,
Cadence Bank,Cadence Bank,FALSE,FALSE,,Not Found,,,,,,,,,
Campbell’s,Campbell Soup Company,FALSE,FALSE,,Not Found,,,,,,,,,
Canon,Canon,FALSE,FALSE,,Not Found,,,,,,,,,
Cargill,Cargill,FALSE,FALSE,,Not Found,,,,,,,,,
Chanel,Chanel,FALSE,FALSE,,Not Found,,,,,,,,,
Chick-fil-A,Chick-fil-A,FALSE,FALSE,,Not Found,,,,,,,,,
Chime,Chime,FALSE,FALSE,,Not Found,,,,,,,,,
Chobani,Chobani,FALSE,FALSE,,Not Found,,,,,,,,,
Chubb,Chubb,FALSE,FALSE,,Not Found,,,,,,,,,
Citizens Financial Group,Citizens Financial Group,FALSE,FALSE,,Not Found,,,,,,,,,
Cleveland Clinic,Cleveland Clinic,FALSE,FALSE,,Not Found,,,,,,,,,
Cloudflare,Cloudflare,FALSE,FALSE,,Not Found,,,,,,,,,
Clover Health,Clover Health,FALSE,FALSE,,Not Found,,,,,,,,,
Colgate,Colgate,FALSE,FALSE,,Not Found,,,,,,,,,
Colliers,Colliers,FALSE,FALSE,,Not Found,,,,,,,,,
Comerica,Comerica,FALSE,FALSE,,Not Found,,,,,,,,,
ConMed,ConMed,FALSE,FALSE,,Not Found,,,,,,,,,
Conn’s,Conn's,FALSE,FALSE,,Not Found,,,,,,,,,
Cox Communications,Cox Enterprises,FALSE,FALSE,,Not Found,,,,,,,,,
CSL Behring,CSL Behring,FALSE,FALSE,,Not Found,,,,,,,,,
Culture Amp,Culture Amp,FALSE,FALSE,,Not Found,,,,,,,,,
Cushman & Wakefield,Cushman & Wakefield,FALSE,FALSE,,Not Found,,,,,,,,,
Daiichi Sankyo,Daiichi Sankyo,FALSE,FALSE,,Not Found,,,,,,,,,
Daimler,Daimler Truck,FALSE,FALSE,,Not Found,,,,,,,,,
Danone,Danone,FALSE,FALSE,,Not Found,,,,,,,,,
Deloitte,Deloitte,FALSE,FALSE,,Not Found,,,,,,,,,
Deutsche Bank,Deutsche Bank,FALSE,FALSE,,Not Found,,,,,,,,,
Diageo,Diageo,FALSE,FALSE,,Not Found,,,,,,,,,
Digital Realty,Digital Realty,FALSE,FALSE,,Not Found,,,,,,,,,
Dillards,Dillard's,FALSE,FALSE,,Not Found,,,,,,,,,
Discount Tire,Discount Tire,FALSE,FALSE,,Not Found,,,,,,,,,
Discover,Discover Financial Services,FALSE,FALSE,,Not Found,,,,,,,,,
Hulu,Disney,FALSE,FALSE,,Not Found,,,,,,,,,
Docusign,Docusign,FALSE,FALSE,,Not Found,,,,,,,,,
Domino's,Domino's Pizza,FALSE,FALSE,,Not Found,,,,,,,,,
Dropbox,Dropbox,FALSE,FALSE,,Not Found,,,,,,,,,
Dun and Bradstreet,Dun & Bradstreet,FALSE,FALSE,,Not Found,,,,,,,,,
Duolingo,Duolingo,FALSE,FALSE,,Not Found,,,,,,,,,
Dutch Bros,Dutch Bros,FALSE,FALSE,,Not Found,,,,,,,,,
e.l.f. Cosmetics,e.l.f. Beauty,FALSE,FALSE,,Not Found,,,,,,,,,
East West Bancorp,East West Bancorp,FALSE,FALSE,,Not Found,,,,,,,,,
Edwards Lifesciences,Edwards Lifesciences,FALSE,FALSE,,Not Found,,,,,,,,,
Eisai,Eisai,FALSE,FALSE,,Not Found,,,,,,,,,
Elanco,Elanco,FALSE,FALSE,,Not Found,,,,,,,,,
Enterprise Holdings,Enterprise Holdings,FALSE,FALSE,,Not Found,,,,,,,,,
Environmental Defense Fund (EDF),Environmental Defense Fund,FALSE,FALSE,,Not Found,,,,,,,,,
Equifax,Equifax,FALSE,FALSE,,Not Found,,,,,,,,,
AllianceBernstein,Equitable Holdings,FALSE,FALSE,,Not Found,,,,,,,,,
Costa,EssilorLuxottica,FALSE,FALSE,,Not Found,,,,,,,,,
Jo Malone London,Estee Lauder,FALSE,FALSE,,Not Found,,,,,,,,,
Estee Lauder,Estee Lauder Companies,FALSE,FALSE,,Not Found,,,,,,,,,
Etsy,Etsy,FALSE,FALSE,,Not Found,,,,,,,,,
Exelixis,Exelixis,FALSE,FALSE,,Not Found,,,,,,,,,
Experian,Experian,FALSE,FALSE,,Not Found,,,,,,,,,
Express,Express,FALSE,FALSE,,Not Found,,,,,,,,,
EY,EY,FALSE,FALSE,,Not Found,,,,,,,,,
FactSet,FactSet,FALSE,FALSE,,Not Found,,,,,,,,,
Farmer Mac,Farmer Mac,FALSE,FALSE,,Not Found,,,,,,,,,
Federated Hermes,Federated Hermes,FALSE,FALSE,,Not Found,,,,,,,,,
Ferrero,Ferrero,FALSE,FALSE,,Not Found,,,,,,,,,
FHLBank Atlanta,FHLBanks,FALSE,FALSE,,Not Found,,,,,,,,,
FHLBank Boston,FHLBanks,FALSE,FALSE,,Not Found,,,,,,,,,
FHLBank Chicago,FHLBanks,FALSE,FALSE,,Not Found,,,,,,,,,
FHLBank Cincinnati,FHLBanks,FALSE,FALSE,,Not Found,,,,,,,,,
FHLBank Dallas,FHLBanks,FALSE,FALSE,,Not Found,,,,,,,,,
FHLBank Des Moines,FHLBanks,FALSE,FALSE,,Not Found,,,,,,,,,
FHLBank Indianapolis,FHLBanks,FALSE,FALSE,,Not Found,,,,,,,,,
FHLBank New York,FHLBanks,FALSE,FALSE,,Not Found,,,,,,,,,
FHLBank Pittsburgh,FHLBanks,FALSE,FALSE,,Not Found,,,,,,,,,
FHLBank San Francisco,FHLBanks,FALSE,FALSE,,Not Found,,,,,,,,,
FHLBank Topeka,FHLBanks,FALSE,FALSE,,Not Found,,,,,,,,,
Fidelity,Fidelity Investments,FALSE,FALSE,,Not Found,,,,,,,,,
First Horizon Bank,First Horizon,FALSE,FALSE,,Not Found,,,,,,,,,
Flowers Foods,Flowers Foods,FALSE,FALSE,,Not Found,,,,,,,,,
FMC,FMC Corporation,FALSE,FALSE,,Not Found,,,,,,,,,
FoodCorps,FoodCorps,FALSE,FALSE,,Not Found,,,,,,,,,
Alcentra,Franklin Templeton,FALSE,FALSE,,Not Found,,,,,,,,,
Benefit Street Partners,Franklin Templeton,FALSE,FALSE,,Not Found,,,,,,,,,
Brandywine Global,Franklin Templeton,FALSE,FALSE,,Not Found,,,,,,,,,
Clarion Partners,Franklin Templeton,FALSE,FALSE,,Not Found,,,,,,,,,
ClearBridge,Franklin Templeton,FALSE,FALSE,,Not Found,,,,,,,,,
Lexington Partners,Franklin Templeton,FALSE,FALSE,,Not Found,,,,,,,,,
Martin Currie,Franklin Templeton,FALSE,FALSE,,Not Found,,,,,,,,,
Putnam Investments,Franklin Templeton,FALSE,FALSE,,Not Found,,,,,,,,,
Royce Investment Partners,Franklin Templeton,FALSE,FALSE,,Not Found,,,,,,,,,
Western Asset Management,Franklin Templeton,FALSE,FALSE,,Not Found,,,,,,,,,
Blommer Chocolate Company,Fuji Oil,FALSE,FALSE,,Not Found,,,,,,,,,
Fujitsu,Fujitsu,FALSE,FALSE,,Not Found,,,,,,,,,
Old Navy,Gap Inc.,FALSE,FALSE,,Not Found,,,,,,,,,
GE Healthcare,GE Healthcare,FALSE,FALSE,,Not Found,,,,,,,,,
Genmab,Genmab,FALSE,FALSE,,Not Found,,,,,,,,,
Genworth Financial,Genworth Financial,FALSE,FALSE,,Not Found,,,,,,,,,
Giant Eagle,Giant Eagle,FALSE,FALSE,,Not Found,,,,,,,,,
Ginnie Mae,Ginnie Mae,FALSE,FALSE,,Not Found,,,,,,,,,
Graco,Graco,FALSE,FALSE,,Not Found,,,,,,,,,
Green Dot Corporation,Green Dot,FALSE,FALSE,,Not Found,,,,,,,,,
GSK,GSK,FALSE,FALSE,,Not Found,,,,,,,,,
H&M,H&M,FALSE,FALSE,,Not Found,,,,,,,,,
Advil,Haleon,FALSE,FALSE,,Not Found,,,,,,,,,
Centrum,Haleon,FALSE,FALSE,,Not Found,,,,,,,,,
Excedrin,Haleon,FALSE,FALSE,,Not Found,,,,,,,,,
Haleon,Haleon,FALSE,FALSE,,Not Found,,,,,,,,,
Sensodyne,Haleon,FALSE,FALSE,,Not Found,,,,,,,,,
Tums,Haleon,FALSE,FALSE,,Not Found,,,,,,,,,
Hallmark,Hallmark Cards,FALSE,FALSE,,Not Found,,,,,,,,,
Hancock-Whitney,Hancock Whitney,FALSE,FALSE,,Not Found,,,,,,,,,
Harley Davidson,Harley-Davidson,FALSE,FALSE,,Not Found,,,,,,,,,
Bergdorf Goodman,HBC,FALSE,FALSE,,Not Found,,,,,,,,,
Neiman Marcus,HBC,FALSE,FALSE,,Not Found,,,,,,,,,
Off Fifth,HBC,FALSE,FALSE,,Not Found,,,,,,,,,
Saks Fifth Avenue,HBC,FALSE,FALSE,,Not Found,,,,,,,,,
HCSC,HCSC,FALSE,FALSE,,Not Found,,,,,,,,,
Fitch Ratings,Hearst,FALSE,FALSE,,Not Found,,,,,,,,,
A&E Networks,Hearst / Disney,FALSE,FALSE,,Not Found,,,,,,,,,
HEB,HEB,FALSE,FALSE,,Not Found,,,,,,,,,
Heineken,Heineken,FALSE,FALSE,,Not Found,,,,,,,,,
HPE,Hewlett Packard Enterprise,FALSE,FALSE,,Not Found,,,,,,,,,
Hologic,Hologic,FALSE,FALSE,,Not Found,,,,,,,,,
HSBC,HSBC,FALSE,FALSE,,Not Found,,,,,,,,,
Hugo Boss,Hugo Boss,FALSE,FALSE,,Not Found,,,,,,,,,
Hy-Vee,Hy-Vee,FALSE,FALSE,,Not Found,,,,,,,,,
Idexx,Idexx Laboratories,FALSE,FALSE,,Not Found,,,,,,,,,
Ikea,Ikea,FALSE,FALSE,,Not Found,,,,,,,,,
Immunocore,Immunocore,FALSE,FALSE,,Not Found,,,,,,,,,
Imperial Tobacco,Imperial Brands,FALSE,FALSE,,Not Found,,,,,,,,,
Incyte Corporation,Incyte,FALSE,FALSE,,Not Found,,,,,,,,,
Inditex,Inditex,FALSE,FALSE,,Not Found,,,,,,,,,
Infosys,Infosys,FALSE,FALSE,,Not Found,,,,,,,,,
ING,ING,FALSE,FALSE,,Not Found,,,,,,,,,
Dunkin' Donuts,Inspire Brands,FALSE,FALSE,,Not Found,,,,,,,,,
Inspire Brands,Inspire Brands,FALSE,FALSE,,Not Found,,,,,,,,,
Instacart,Instacart (Maplebear),FALSE,FALSE,,Not Found,,,,,,,,,
Intracellular,Intra-Cellular Therapies,FALSE,FALSE,,Not Found,,,,,,,,,
Invesco,Invesco,FALSE,FALSE,,Not Found,,,,,,,,,
Ionis Pharmaceuticals,Ionis Pharmaceuticals,FALSE,FALSE,,Not Found,,,,,,,,,
Ipsen,Ipsen,FALSE,FALSE,,Not Found,,,,,,,,,
J. Crew,J. Crew,FALSE,FALSE,,Not Found,,,,,,,,,
Janus Henderson,Janus Henderson,FALSE,FALSE,,Not Found,,,,,,,,,
Japan Tobacco,Japan Tobacco,FALSE,FALSE,,Not Found,,,,,,,,,
Jazz Pharmaceuticals,Jazz Pharmaceuticals,FALSE,FALSE,,Not Found,,,,,,,,,
JC Penney,JC Penney,FALSE,FALSE,,Not Found,,,,,,,,,
Julius Baer,Julius Baer,FALSE,FALSE,,Not Found,,,,,,,,,
Juniper,Juniper Networks,FALSE,FALSE,,Not Found,,,,,,,,,
Juul,Juul Labs,FALSE,FALSE,,Not Found,,,,,,,,,
Kaiser Permanente,Kaiser Permanente,FALSE,FALSE,,Not Found,,,,,,,,,
Kawasaki,Kawasaki,FALSE,FALSE,,Not Found,,,,,,,,,
Kering,Kering,FALSE,FALSE,,Not Found,,,,,,,,,
Klarna,Klarna,FALSE,FALSE,,Not Found,,,,,,,,,
Konica Minolta,Konica Minolta,FALSE,FALSE,,Not Found,,,,,,,,,
KPMG,KPMG,FALSE,FALSE,,Not Found,,,,,,,,,
Kyocera Global,Kyocera,FALSE,FALSE,,Not Found,,,,,,,,,
Kyowa Kirin,Kyowa Kirin,FALSE,FALSE,,Not Found,,,,,,,,,
Aesop,L'Oreal,FALSE,FALSE,,Not Found,,,,,,,,,
Cerave,L'Oreal,FALSE,FALSE,,Not Found,,,,,,,,,
Garnier,L'Oreal,FALSE,FALSE,,Not Found,,,,,,,,,
L'Oreal,L'Oreal,FALSE,FALSE,,Not Found,,,,,,,,,
Maybelline,L'Oreal,FALSE,FALSE,,Not Found,,,,,,,,,
Lego,Lego,FALSE,FALSE,,Not Found,,,,,,,,,
Lending Club,LendingClub,FALSE,FALSE,,Not Found,,,,,,,,,
Lending Tree,LendingTree,FALSE,FALSE,,Not Found,,,,,,,,,
Lenovo,Lenovo,FALSE,FALSE,,Not Found,,,,,,,,,
Levi Strauss,Levi Strauss & Co.,FALSE,FALSE,,Not Found,,,,,,,,,
Lexmark,Lexmark,FALSE,FALSE,,Not Found,,,,,,,,,
Little Caesars,Little Caesars,FALSE,FALSE,,Not Found,,,,,,,,,
LPL Financial,LPL Financial Holdings,FALSE,FALSE,,Not Found,,,,,,,,,
Refinitiv,LSEG,FALSE,FALSE,,Not Found,,,,,,,,,
Luckin' Coffee,Luckin Coffee,FALSE,FALSE,,Not Found,,,,,,,,,
Lundbeck,Lundbeck,FALSE,FALSE,,Not Found,,,,,,,,,
Benefit Cosmetics,LVMH,FALSE,FALSE,,Not Found,,,,,,,,,
Dior,LVMH,FALSE,FALSE,,Not Found,,,,,,,,,
LVMH,LVMH,FALSE,FALSE,,Not Found,,,,,,,,,
Sephora,LVMH,FALSE,FALSE,,Not Found,,,,,,,,,
Lyft,Lyft,FALSE,FALSE,,Not Found,,,,,,,,,
LyondellBasell,LyondellBasell,FALSE,FALSE,,Not Found,,,,,,,,,
John Hancock,Manulife,FALSE,FALSE,,Not Found,,,,,,,,,
Manulife,Manulife,FALSE,FALSE,,Not Found,,,,,,,,,
Mars,Mars Inc.,FALSE,FALSE,,Not Found,,,,,,,,,
Marvell Technology,Marvell Technology,FALSE,FALSE,,Not Found,,,,,,,,,
MassMutual,Massachusetts Mutual Life Insurance,FALSE,FALSE,,Not Found,,,,,,,,,
Mattel,Mattel,FALSE,FALSE,,Not Found,,,,,,,,,
Mayo Clinic,Mayo Clinic,FALSE,FALSE,,Not Found,,,,,,,,,
McCormick,McCormick & Company,FALSE,FALSE,,Not Found,,,,,,,,,
McKinsey,McKinsey & Company,FALSE,FALSE,,Not Found,,,,,,,,,
MedTronic,Medtronic,FALSE,FALSE,,Not Found,,,,,,,,,
Meijer,Meijer,FALSE,FALSE,,Not Found,,,,,,,,,
EMD Serono,Merck KGaA,FALSE,FALSE,,Not Found,,,,,,,,,
Mercury,Mercury General,FALSE,FALSE,,Not Found,,,,,,,,,
MUFG Bank,Mitsubishi UFJ Financial Group,FALSE,FALSE,,Not Found,,,,,,,,,
MM LaFleur,MM LaFleur,FALSE,FALSE,,Not Found,,,,,,,,,
Moda Operandi,Moda Operandi,FALSE,FALSE,,Not Found,,,,,,,,,
Moderna,Moderna,FALSE,FALSE,,Not Found,,,,,,,,,
Mondelez International,Mondelez International,FALSE,FALSE,,Not Found,,,,,,,,,
Morningstar,Morningstar,FALSE,FALSE,,Not Found,,,,,,,,,
MSCI,MSCI,FALSE,FALSE,,Not Found,,,,,,,,,
Mytheresa,Mytheresa,FALSE,FALSE,,Not Found,,,,,,,,,
Nasdaq,Nasdaq,FALSE,FALSE,,Not Found,,,,,,,,,
Poshmark,Naver,FALSE,FALSE,,Not Found,,,,,,,,,
NCR,NCR Voyix,FALSE,FALSE,,Not Found,,,,,,,,,
Neon,Neon,FALSE,FALSE,,Not Found,,,,,,,,,
Nestle,Nestle,FALSE,FALSE,,Not Found,,,,,,,,,
NeueHealth,NeueHealth,FALSE,FALSE,,Not Found,,,,,,,,,
Neurocrine Biosciences,Neurocrine Biosciences,FALSE,FALSE,,Not Found,,,,,,,,,
Newmark,Newmark Group,FALSE,FALSE,,Not Found,,,,,,,,,
Nokia,Nokia,FALSE,FALSE,,Not Found,,,,,,,,,
Novartis,Novartis,FALSE,FALSE,,Not Found,,,,,,,,,
Novo Nordisk,Novo Nordisk,FALSE,FALSE,,Not Found,,,,,,,,,
NTT (Nippon Telegraph and Telephone),NTT,FALSE,FALSE,,Not Found,,,,,,,,,
NVA,NVA,FALSE,FALSE,,Not Found,,,,,,,,,
NXP Semiconductors,NXP,FALSE,FALSE,,Not Found,,,,,,,,,
ON Semiconductor Corporation (onsemi),ON Semiconductor,FALSE,FALSE,,Not Found,,,,,,,,,
OneMain Holdings,OneMain Holdings,FALSE,FALSE,,Not Found,,,,,,,,,
Organon,Organon,FALSE,FALSE,,Not Found,,,,,,,,,
Otsuka,Otsuka,FALSE,FALSE,,Not Found,,,,,,,,,
Panera,Panera Brands,FALSE,FALSE,,Not Found,,,,,,,,,
Patagonia,Patagonia,FALSE,FALSE,,Not Found,,,,,,,,,
Temu,PDD Holdings,FALSE,FALSE,,Not Found,,,,,,,,,
Phibro Animal Health,Phibro Animal Health,FALSE,FALSE,,Not Found,,,,,,,,,
Philip Morris International,Philip Morris International,FALSE,FALSE,,Not Found,,,,,,,,,
Philips Healthcare,Philips,FALSE,FALSE,,Not Found,,,,,,,,,
PhRMA,PhRMA,FALSE,FALSE,,Not Found,,,,,,,,,
Pinterest,Pinterest,FALSE,FALSE,,Not Found,,,,,,,,,
Plaid,Plaid,FALSE,FALSE,,Not Found,,,,,,,,,
Polaris,Polaris,FALSE,FALSE,,Not Found,,,,,,,,,
Premier Health,Premier Health,FALSE,FALSE,,Not Found,,,,,,,,,
Prime Therapeutics,Prime Therapeutics,FALSE,FALSE,,Not Found,,,,,,,,,
Primerica,Primerica,FALSE,FALSE,,Not Found,,,,,,,,,
PwC,PwC,FALSE,FALSE,,Not Found,,,,,,,,,
QuikTrip,QuikTrip,FALSE,FALSE,,Not Found,,,,,,,,,
Qurate,Qurate Retail,FALSE,FALSE,,Not Found,,,,,,,,,
RaceTrac,RaceTrac,FALSE,FALSE,,Not Found,,,,,,,,,
Ralph Lauren,Ralph Lauren,FALSE,FALSE,,Not Found,,,,,,,,,
Ravensburger,Ravensburger,FALSE,FALSE,,Not Found,,,,,,,,,
Reckitt,Reckitt,FALSE,FALSE,,Not Found,,,,,,,,,
Reddit,Reddit,FALSE,FALSE,,Not Found,,,,,,,,,
REI,REI,FALSE,FALSE,,Not Found,,,,,,,,,
LexisNexis,RELX,FALSE,FALSE,,Not Found,,,,,,,,,
Restaurant Brands International,Restaurant Brands International,FALSE,FALSE,,Not Found,,,,,,,,,
Revolve,Revolve,FALSE,FALSE,,Not Found,,,,,,,,,
Rheem,Rheem,FALSE,FALSE,,Not Found,,,,,,,,,
Net-A-Porter,Richemont,FALSE,FALSE,,Not Found,,,,,,,,,
Ricoh,Ricoh,FALSE,FALSE,,Not Found,,,,,,,,,
Rite Aid,Rite Aid,FALSE,FALSE,,Not Found,,,,,,,,,
Genentech,Roche,FALSE,FALSE,,Not Found,,,,,,,,,
Roche,Roche,FALSE,FALSE,,Not Found,,,,,,,,,
Rocket,Rocket Companies,FALSE,FALSE,,Not Found,,,,,,,,,
Rooms to Go,Rooms to Go,FALSE,FALSE,,Not Found,,,,,,,,,
Royalty Pharma,Royalty Pharma,FALSE,FALSE,,Not Found,,,,,,,,,
S.C. Johnson,S.C. Johnson,FALSE,FALSE,,Not Found,,,,,,,,,
Sage Therapeutics,Sage Therapeutics,FALSE,FALSE,,Not Found,,,,,,,,,
Sallie Mae,Sallie Mae,FALSE,FALSE,,Not Found,,,,,,,,,
Samsung,Samsung Electronics,FALSE,FALSE,,Not Found,,,,,,,,,
Sanofi,Sanofi,FALSE,FALSE,,Not Found,,,,,,,,,
SAP,SAP,FALSE,FALSE,,Not Found,,,,,,,,,
Sarepta,Sarepta Therapeutics,FALSE,FALSE,,Not Found,,,,,,,,,
COMSAT,Satcom Direct,FALSE,FALSE,,Not Found,,,,,,,,,
Scopely,Savvy Games Group,FALSE,FALSE,,Not Found,,,,,,,,,
Securian,Securian Financial Group,FALSE,FALSE,,Not Found,,,,,,,,,
Epson,Seiko Epson,FALSE,FALSE,,Not Found,,,,,,,,,
Shein,Shein,FALSE,FALSE,,Not Found,,,,,,,,,
Shell,Shell,FALSE,FALSE,,Not Found,,,,,,,,,
Drunk Elephant,Shiseido,FALSE,FALSE,,Not Found,,,,,,,,,
Shiseido,Shiseido,FALSE,FALSE,,Not Found,,,,,,,,,
Shopify,Shopify,FALSE,FALSE,,Not Found,,,,,,,,,
Siemens,Siemens,FALSE,FALSE,,Not Found,,,,,,,,,
Siemens Healthineers,Siemens Healthineers,FALSE,FALSE,,Not Found,,,,,,,,,
Signature Bank,Signature Bank,FALSE,FALSE,,Not Found,,,,,,,,,
Signet,Signet Jewelers,FALSE,FALSE,,Not Found,,,,,,,,,
Sleep Number,Sleep Number,FALSE,FALSE,,Not Found,,,,,,,,,
SMBC,SMBC,FALSE,FALSE,,Not Found,,,,,,,,,
Smith & Nephew,Smith & Nephew,FALSE,FALSE,,Not Found,,,,,,,,,
Snap Inc.,Snap Inc.,FALSE,FALSE,,Not Found,,,,,,,,,
Societe Generale,Societe Generale,FALSE,FALSE,,Not Found,,,,,,,,,
Sodexo,Sodexo,FALSE,FALSE,,Not Found,,,,,,,,,
SoFi,SoFi,FALSE,FALSE,,Not Found,,,,,,,,,
Sony,Sony,FALSE,FALSE,,Not Found,,,,,,,,,
Southern Company,Southern Company,FALSE,FALSE,,Not Found,,,,,,,,,
Starlink,SpaceX,FALSE,FALSE,,Not Found,,,,,,,,,
MSG Network,Sphere Entertainment,FALSE,FALSE,,Not Found,,,,,,,,,
Spin Master,Spin Master,FALSE,FALSE,,Not Found,,,,,,,,,
Standard Chartered,Standard Chartered,FALSE,FALSE,,Not Found,,,,,,,,,
Stellantis,Stellantis,FALSE,FALSE,,Not Found,,,,,,,,,
Stifel,Stifel Financial,FALSE,FALSE,,Not Found,,,,,,,,,
Stitch Fix,Stitch Fix,FALSE,FALSE,,Not Found,,,,,,,,,
StockX,StockX,FALSE,FALSE,,Not Found,,,,,,,,,
Chapstick,Suave Brands (Yellow Wood),FALSE,FALSE,,Not Found,,,,,,,,,
Sumitomo,Sumitomo Corp,FALSE,FALSE,,Not Found,,,,,,,,,
Sunbit,Sunbit,FALSE,FALSE,,Not Found,,,,,,,,,
Ascena,Sycamore Partners,FALSE,FALSE,,Not Found,,,,,,,,,
Belk,Sycamore Partners,FALSE,FALSE,,Not Found,,,,,,,,,
Synovus,Synovus,FALSE,FALSE,,Not Found,,,,,,,,,
T-Mobile,T-Mobile US,FALSE,FALSE,,Not Found,,,,,,,,,
T. Rowe Price,T. Rowe Price,FALSE,FALSE,,Not Found,,,,,,,,,
Takeda,Takeda Pharmaceutical,FALSE,FALSE,,Not Found,,,,,,,,,
Tapestry,Tapestry,FALSE,FALSE,,Not Found,,,,,,,,,
Jaguar Land Rover,Tata Motors,FALSE,FALSE,,Not Found,,,,,,,,,
TD Bank,TD Bank Group,FALSE,FALSE,,Not Found,,,,,,,,,
Mattress Firm,Tempur Sealy,FALSE,FALSE,,Not Found,,,,,,,,,
Teva,Teva Pharmaceutical,FALSE,FALSE,,Not Found,,,,,,,,,
Texas Health Resources,Texas Health Resources,FALSE,FALSE,,Not Found,,,,,,,,,
Clorox,The Clorox Company,FALSE,FALSE,,Not Found,,,,,,,,,
The Clorox Company,The Clorox Company,FALSE,FALSE,,Not Found,,,,,,,,,
Hershey's,The Hershey Company,FALSE,FALSE,,Not Found,,,,,,,,,
The Honest Company,The Honest Company,FALSE,FALSE,,Not Found,,,,,,,,,
Nature Conservacy,The Nature Conservancy,FALSE,FALSE,,Not Found,,,,,,,,,
Pokemon,The Pokemon Company,FALSE,FALSE,,Not Found,,,,,,,,,
The RealReal,The RealReal,FALSE,FALSE,,Not Found,,,,,,,,,
Vanguard,The Vanguard Group,FALSE,FALSE,,Not Found,,,,,,,,,
ThredUp,ThredUp,FALSE,FALSE,,Not Found,,,,,,,,,
Thrivent,Thrivent Financial,FALSE,FALSE,,Not Found,,,,,,,,,
Home Goods,TJX Companies,FALSE,FALSE,,Not Found,,,,,,,,,
Marshalls,TJX Companies,FALSE,FALSE,,Not Found,,,,,,,,,
TJX Companies,TJX Companies,FALSE,FALSE,,Not Found,,,,,,,,,
Tokyo Electron (TEL),Tokyo Electron,FALSE,FALSE,,Not Found,,,,,,,,,
Total Energies,TotalEnergies,FALSE,FALSE,,Not Found,,,,,,,,,
Toyota,Toyota Motor,FALSE,FALSE,,Not Found,,,,,,,,,
KMart,Transformco,FALSE,FALSE,,Not Found,,,,,,,,,
Transunion,TransUnion,FALSE,FALSE,,Not Found,,,,,,,,,
TreeHouse Foods,TreeHouse Foods,FALSE,FALSE,,Not Found,,,,,,,,,
Taiwan Semiconductor Manufacturing Company (TSMC),TSMC,FALSE,FALSE,,Not Found,,,,,,,,,
Ubisoft,Ubisoft,FALSE,FALSE,,Not Found,,,,,,,,,
UBS,UBS,FALSE,FALSE,,Not Found,,,,,,,,,
UCB,UCB,FALSE,FALSE,,Not Found,,,,,,,,,
Ultragenyx,Ultragenyx,FALSE,FALSE,,Not Found,,,,,,,,,
Axe,Unilever,FALSE,FALSE,,Not Found,,,,,,,,,
Ben & Jerry's,Unilever,FALSE,FALSE,,Not Found,,,,,,,,,
Comfort,Unilever,FALSE,FALSE,,Not Found,,,,,,,,,
Dove,Unilever,FALSE,FALSE,,Not Found,,,,,,,,,
Hellman's,Unilever,FALSE,FALSE,,Not Found,,,,,,,,,
LUX,Unilever,FALSE,FALSE,,Not Found,,,,,,,,,
Olly,Unilever,FALSE,FALSE,,Not Found,,,,,,,,,
Seventh Generation,Unilever,FALSE,FALSE,,Not Found,,,,,,,,,
Sunsilk,Unilever,FALSE,FALSE,,Not Found,,,,,,,,,
Unilever,Unilever,FALSE,FALSE,,Not Found,,,,,,,,,
Vaseline,Unilever,FALSE,FALSE,,Not Found,,,,,,,,,
United Way Worldwide,United Way,FALSE,FALSE,,Not Found,,,,,,,,,
USPS,USPS,FALSE,FALSE,,Not Found,,,,,,,,,
United Wholesale Mortgage,UWM Holdings,FALSE,FALSE,,Not Found,,,,,,,,,
Verisk,Verisk Analytics,FALSE,FALSE,,Not Found,,,,,,,,,
Vero,Vero,FALSE,FALSE,,Not Found,,,,,,,,,
Vetoquinol Global,Vetoquinol,FALSE,FALSE,,Not Found,,,,,,,,,
Vetoquinol UK,Vetoquinol,FALSE,FALSE,,Not Found,,,,,,,,,
VF Corporation,VF Corporation,FALSE,FALSE,,Not Found,,,,,,,,,
Victoria's Secret,Victoria's Secret & Co.,FALSE,FALSE,,Not Found,,,,,,,,,
Vinted,Vinted,FALSE,FALSE,,Not Found,,,,,,,,,
Virbac,Virbac,FALSE,FALSE,,Not Found,,,,,,,,,
Volkswagen,Volkswagen Group,FALSE,FALSE,,Not Found,,,,,,,,,
Volvo,Volvo Group,FALSE,FALSE,,Not Found,,,,,,,,,
Walker & Dunlop,Walker & Dunlop,FALSE,FALSE,,Not Found,,,,,,,,,
Wegmans,Wegmans,FALSE,FALSE,,Not Found,,,,,,,,,
Bridge Bank,Western Alliance Bancorporation,FALSE,FALSE,,Not Found,,,,,,,,,
Wingstop,Wingstop,FALSE,FALSE,,Not Found,,,,,,,,,
World Wide Technology,World Wide Technology,FALSE,FALSE,,Not Found,,,,,,,,,
World Wildlife Fund,World Wildlife Fund,FALSE,FALSE,,Not Found,,,,,,,,,
X,X Corp,FALSE,FALSE,,Not Found,,,,,,,,,
Xerox,Xerox,FALSE,FALSE,,Not Found,,,,,,,,,
Yum! China,Yum China,FALSE,FALSE,,Not Found,,,,,,,,,
Habit Burger & Grill,Yum! Brands,FALSE,FALSE,,Not Found,,,,,,,,,
KFC,Yum! Brands,FALSE,FALSE,,Not Found,,,,,,,,,
Pizza Hut,Yum! Brands,FALSE,FALSE,,Not Found,,,,,,,,,
Taco Bell,Yum! Brands,FALSE,FALSE,,Not Found,,,,,,,,,
Yum! Brands,Yum! Brands,FALSE,FALSE,,Not Found,,,,,,,,,
Zillow,Zillow Group,FALSE,FALSE,,Not Found,,,,,,,,,
Zimmer Biomet,Zimmer Biomet,FALSE,FALSE,,Not Found,,,,,,,,,
Zions Bank,Zions Bancorporation,FALSE,FALSE,,Not Found,,,,,,,,,
Zoom Video Communications,Zoom,FALSE,FALSE,,Not Found,,,,,,,,,
Zurich Insurance Group,Zurich Insurance,FALSE,FALSE,,Not Found,,,,,,,,,